,id,place,speedrun_link,submitted_date,primary_time_seconds,real_time_seconds,player_id,player_name,player_country,platform,verified
0,ywvl5wnz,1,https://www.speedrun.com/sm64/run/ywvl5wnz,2023-04-22T01:30:04Z,380.32,380.32,jn32931x,Suigi,Canada,N64,Yes
1,ywjg8w9z,2,https://www.speedrun.com/sm64/run/ywjg8w9z,2022-02-12T20:34:19Z,387.38,387.38,7j40gpw8,KANNO,,N64,Yes
2,ydjw8wvy,3,https://www.speedrun.com/sm64/run/ydjw8wvy,2023-06-19T17:17:00Z,388.13,388.13,qj2rklpx,cjrokokomero,Italy,N64,Yes
3,y2ggv4jz,4,https://www.speedrun.com/sm64/run/y2ggv4jz,2023-07-11T15:17:29Z,390.65,390.65,8wkzer38,Parsee02,Japan,N64,Yes
4,mr988ogm,5,https://www.speedrun.com/sm64/run/mr988ogm,2020-09-19T08:25:25Z,392.15,392.15,kj92gmv8,Dowsky,United States,N64,Yes
5,y2jpjn9z,6,https://www.speedrun.com/sm64/run/y2jpjn9z,2023-02-01T06:47:01Z,393.25,393.25,18q652oj,Poke,United States,N64,Yes
6,mrlp2ndm,7,https://www.speedrun.com/sm64/run/mrlp2ndm,2023-08-23T02:15:03Z,403.0,403.0,xkmnnmmj,ZUMMI,Italy,EMU,Yes
7,mk007l5z,8,https://www.speedrun.com/sm64/run/mk007l5z,2023-07-11T10:51:13Z,404.0,404.0,xk3nmqk8,DuckTapeDuck,,EMU,Yes
8,yj2q813m,9,https://www.speedrun.com/sm64/run/yj2q813m,2023-08-06T00:02:13Z,404.1,404.1,8vkrw22j,Tag609,United States,N64,Yes
9,8yv24rem,10,https://www.speedrun.com/sm64/run/8yv24rem,2015-08-07T21:20:12Z,404.23,404.23,,,,N64,Yes
10,dy4jg0ny,11,https://www.speedrun.com/sm64/run/dy4jg0ny,2016-10-25T19:03:39Z,404.7,404.7,o866w58z,Xiah,Japan,N64,Yes
11,mrr912dm,12,https://www.speedrun.com/sm64/run/mrr912dm,2022-08-17T05:40:11Z,405.67,405.67,68w4ro4x,wara,Japan,N64,Yes
12,z0lv9p8z,13,https://www.speedrun.com/sm64/run/z0lv9p8z,2022-11-21T15:48:50Z,406.1,406.1,18qowewj,Majoog,South Korea,N64,Yes
13,m7g1k9em,14,https://www.speedrun.com/sm64/run/m7g1k9em,2020-03-31T00:27:14Z,408.0,408.0,dx35yzej,TriforceTK,United States,EMU,Yes
14,y6r7wn0y,14,https://www.speedrun.com/sm64/run/y6r7wn0y,2020-09-17T07:21:59Z,408.0,408.0,1xy9p1vj,taihou,Japan,EMU,No
15,y2g8507z,14,https://www.speedrun.com/sm64/run/y2g8507z,2023-08-04T09:13:52Z,408.0,408.0,xyrqdwmj,Zhilkan,Spain,EMU,Yes
16,yd1ervvy,17,https://www.speedrun.com/sm64/run/yd1ervvy,2022-08-28T16:25:19Z,408.4,408.4,qjoolrej,nobori56,Japan,N64,Yes
17,y48v3wqm,18,https://www.speedrun.com/sm64/run/y48v3wqm,2022-03-10T23:43:58Z,410.17,410.17,0jm36qe8,Xein64,Germany,N64,Yes
18,z5pqggjm,19,https://www.speedrun.com/sm64/run/z5pqggjm,2023-08-29T08:36:22Z,412.05,412.05,j96ww5vj,asandal,United States,N64,Yes
19,me1vq13y,20,https://www.speedrun.com/sm64/run/me1vq13y,2022-07-31T22:11:20Z,412.31,412.31,qxk4wo6j,saksdal,United States,N64,Yes
20,yon4rgdz,21,https://www.speedrun.com/sm64/run/yon4rgdz,2023-05-02T08:41:00Z,413.0,413.0,jnzgrmwj,CyanogenSm64,Uzbekistan,VC,No
21,z1lv8x7m,21,https://www.speedrun.com/sm64/run/z1lv8x7m,2023-07-30T16:58:33Z,413.0,413.0,kj9z6pn8,Sunnard,France,EMU,Yes
22,yv8nvvom,23,https://www.speedrun.com/sm64/run/yv8nvvom,2023-03-13T22:57:47Z,413.05,413.05,j4rpn7d8,Nils,Sweden,N64,Yes
23,m70do89y,24,https://www.speedrun.com/sm64/run/m70do89y,2023-06-11T23:16:22Z,413.83,413.83,8vo90m5x,Nicolascs83,Spain,N64,Yes
24,z0ogd1ez,25,https://www.speedrun.com/sm64/run/z0ogd1ez,2022-03-25T17:49:38Z,414.0,414.0,8lp7rqrj,kiliaaan,Germany,EMU,Yes
25,yvpnp94y,26,https://www.speedrun.com/sm64/run/yvpnp94y,2023-08-01T03:33:25Z,414.66,414.66,8r2w1n3x,Kinosura,France,N64,Yes
26,y2gkd4wz,27,https://www.speedrun.com/sm64/run/y2gkd4wz,2023-07-16T06:54:29Z,415.26,415.26,xzlelze8,W1cko,Australia,N64,Yes
27,z5e9wp5z,28,https://www.speedrun.com/sm64/run/z5e9wp5z,2023-04-21T18:41:58Z,415.56,415.56,8wlk4n4j,Kaimatix,England,N64,Yes
28,0y6j56jm,29,https://www.speedrun.com/sm64/run/0y6j56jm,2016-11-14T01:13:01Z,415.98,415.98,qxkovg98,gohanie,Japan,N64,Yes
29,y9vkxnvm,30,https://www.speedrun.com/sm64/run/y9vkxnvm,2022-06-19T19:53:51Z,417.11,417.11,7j4mzd5j,Thomkar,Norway,N64,Yes
30,z0948jjz,31,https://www.speedrun.com/sm64/run/z0948jjz,2021-01-03T20:50:58Z,418.0,418.0,x353dr7j,Finnii602,Germany,VC,Yes
31,z0j0k3jy,31,https://www.speedrun.com/sm64/run/z0j0k3jy,2023-08-07T05:39:16Z,418.0,418.0,8e6vr17j,piegolds,Australia,EMU,Yes
32,y8dj04xz,33,https://www.speedrun.com/sm64/run/y8dj04xz,2021-05-22T04:46:11Z,419.05,419.05,qjned9qj,tami,Japan,N64,Yes
33,yjdj0g3y,34,https://www.speedrun.com/sm64/run/yjdj0g3y,2022-07-31T21:44:30Z,419.08,419.08,j2ylqn68,Karin,Japan,N64,Yes
34,mroenx2m,35,https://www.speedrun.com/sm64/run/mroenx2m,2022-12-20T01:18:39Z,419.16,419.16,zxzn3w9x,spener1122,Canada,N64,Yes
35,mrlplj7m,36,https://www.speedrun.com/sm64/run/mrlplj7m,2023-08-22T20:04:12Z,419.76,419.76,86nnlvqx,Banova8,France,N64,Yes
36,zxleepkz,37,https://www.speedrun.com/sm64/run/zxleepkz,2022-04-02T19:37:13Z,420.0,420.0,qj23lpxk,Miton,Japan,N64,Yes
37,z5xlg2ny,37,https://www.speedrun.com/sm64/run/z5xlg2ny,2022-10-15T18:53:52Z,420.0,420.0,18q6977j,Burnito,France,N64,Yes
38,y4grwqdy,37,https://www.speedrun.com/sm64/run/y4grwqdy,2023-01-12T20:35:33Z,420.0,420.0,jnz2ykqj,ShaDowSPoweR,France,EMU,Yes
39,z5px5jnm,37,https://www.speedrun.com/sm64/run/z5px5jnm,2023-06-30T06:00:07Z,420.0,420.0,8w139m3x,oatslice,Australia,N64,Yes
40,y6okpnjy,41,https://www.speedrun.com/sm64/run/y6okpnjy,2023-04-16T22:14:24Z,421.0,421.0,8enge328,BenedictFleur123,Netherlands,EMU,Yes
41,m7pknkem,42,https://www.speedrun.com/sm64/run/m7pknkem,2019-04-26T11:46:52Z,424.0,424.0,zxzpz50j,Fafel,Japan,N64,Yes
42,zq9xor8y,43,https://www.speedrun.com/sm64/run/zq9xor8y,2022-11-25T20:18:53Z,426.0,426.0,8d35ly5x,RetroTorpedo,Germany,EMU,Yes
43,z5d68e5m,44,https://www.speedrun.com/sm64/run/z5d68e5m,2021-11-04T18:55:34Z,430.0,430.0,e8evzg7x,gamiru,Japan,N64,No
44,y9x74r2y,45,https://www.speedrun.com/sm64/run/y9x74r2y,2022-08-05T00:55:36Z,434.0,434.0,8rpp0egj,Nickless,United States,N64,No
45,z1p7x9jz,46,https://www.speedrun.com/sm64/run/z1p7x9jz,2022-07-10T21:37:48Z,435.0,435.0,kjpqrr4x,Goldrush,Japan,N64,Yes
46,yl1vl72m,46,https://www.speedrun.com/sm64/run/yl1vl72m,2022-08-18T07:02:17Z,435.0,435.0,j0324nmj,MrDasho,Ecuador,EMU,Yes
47,me30vp9z,48,https://www.speedrun.com/sm64/run/me30vp9z,2022-06-17T17:48:25Z,437.0,437.0,x7m9r50x,SaschaSR,Germany,EMU,Yes
48,yvpp616y,48,https://www.speedrun.com/sm64/run/yvpp616y,2023-07-11T01:00:54Z,437.0,437.0,8e6k1loj,PhoenixAUS,Australia,VC,Yes
49,yl7lj42m,50,https://www.speedrun.com/sm64/run/yl7lj42m,2022-06-20T22:25:08Z,439.0,439.0,zxzqlnrx,Cysse,France,EMU,Yes
50,oy2n26yd,51,https://www.speedrun.com/sm64/run/oy2n26yd,,441.0,441.0,,,,N64,Yes
51,7z08d4m5,51,https://www.speedrun.com/sm64/run/7z08d4m5,,441.0,441.0,18qnw78n,Mese,Japan,N64,Yes
52,zx3l22qz,51,https://www.speedrun.com/sm64/run/zx3l22qz,2023-06-20T14:18:11Z,441.0,441.0,v816eo5x,Soda,,N64,Yes
53,wzp7ll8z,54,https://www.speedrun.com/sm64/run/wzp7ll8z,2017-03-13T21:24:34Z,443.0,443.0,,,,N64,Yes
54,yo44dldm,54,https://www.speedrun.com/sm64/run/yo44dldm,2017-04-30T14:24:03Z,443.0,443.0,qjn9dwxm,360Chrism,Germany,VC,Yes
55,yvo5ro8z,54,https://www.speedrun.com/sm64/run/yvo5ro8z,2021-11-03T12:51:19Z,443.0,443.0,86vq7g3j,nono_6328,Japan,N64,No
56,yvp064ey,54,https://www.speedrun.com/sm64/run/yvp064ey,2023-07-01T00:48:12Z,443.0,443.0,j5wo65gj,AngryKermit,Canada,N64,Yes
57,zp9j9lxm,58,https://www.speedrun.com/sm64/run/zp9j9lxm,2022-07-23T17:32:42Z,444.0,444.0,jmolpwo8,Raisn,,EMU,Yes
58,0y6gv1m7,59,https://www.speedrun.com/sm64/run/0y6gv1m7,,445.0,445.0,,,,N64,Yes
59,y9668wey,60,https://www.speedrun.com/sm64/run/y9668wey,2023-02-12T17:37:16Z,446.0,446.0,qj2z19nj,TheCrit,United States,EMU,Yes
60,znp54l3m,61,https://www.speedrun.com/sm64/run/znp54l3m,2022-07-09T21:27:32Z,447.0,447.0,7j4epgvx,Mcnessyj,New Zealand,N64,Yes
61,y9lg7pky,62,https://www.speedrun.com/sm64/run/y9lg7pky,2022-03-10T21:53:19Z,448.0,448.0,zxzzzrxq,Moose,United States,N64,Yes
62,yj4pq2gy,63,https://www.speedrun.com/sm64/run/yj4pq2gy,2018-10-30T10:18:58Z,449.0,449.0,7j4drzdj,AppleJuice,United States,EMU,Yes
63,yon76rjz,64,https://www.speedrun.com/sm64/run/yon76rjz,2023-06-10T05:50:36Z,450.0,450.0,jm3lqln8,Mauir,Chile,EMU,Yes
64,y860e61m,64,https://www.speedrun.com/sm64/run/y860e61m,2023-07-06T23:19:29Z,450.0,450.0,8v5253yj,taciturn,United States,EMU,Yes
65,y8008d5m,66,https://www.speedrun.com/sm64/run/y8008d5m,2023-02-11T22:20:36Z,452.0,452.0,j425r0wx,enzn,Canada,N64,Yes
66,mel3ol0z,66,https://www.speedrun.com/sm64/run/mel3ol0z,2023-06-26T01:09:18Z,452.0,452.0,x7qqopy8,Kudo,France,N64,Yes
67,zx7qxjey,68,https://www.speedrun.com/sm64/run/zx7qxjey,2022-06-24T17:56:25Z,453.0,453.0,qxkm6mj0,Kyman,Canada,N64,Yes
68,m701qj4y,68,https://www.speedrun.com/sm64/run/m701qj4y,2023-04-24T03:07:43Z,453.0,453.0,xylw0wmj,Linkarf,Québec,N64,Yes
69,mk841ovm,70,https://www.speedrun.com/sm64/run/mk841ovm,2020-09-16T05:59:20Z,454.0,454.0,qjoq7yl8,KevinKrunch,United States,N64,Yes
70,y69ngnjy,71,https://www.speedrun.com/sm64/run/y69ngnjy,2021-09-08T01:52:19Z,455.0,455.0,98re9d6x,Psyduck64,United States,N64,Yes
71,zgelp3ny,71,https://www.speedrun.com/sm64/run/zgelp3ny,2023-07-21T19:16:06Z,455.0,455.0,j4rg3z58,CheesyLeech,United States,N64,No
72,zpgpodrz,73,https://www.speedrun.com/sm64/run/zpgpodrz,2023-02-25T06:05:29Z,456.0,456.0,j4232gmx,VonJim,Québec,N64,Yes
73,z0j73pey,74,https://www.speedrun.com/sm64/run/z0j73pey,2023-06-14T12:52:22Z,457.0,457.0,8vkn1mnj,madware,Chile,N64,Yes
74,y4o6nknz,74,https://www.speedrun.com/sm64/run/y4o6nknz,2023-07-23T12:33:39Z,457.0,457.0,zxz1vorj,Karyno,France,N64,Yes
75,yjp9dr7y,76,https://www.speedrun.com/sm64/run/yjp9dr7y,2022-06-28T04:54:25Z,462.0,462.0,68wzrnv8,aussieadam,United States,EMU,Yes
76,mke03vlm,77,https://www.speedrun.com/sm64/run/mke03vlm,2022-02-02T14:15:51Z,463.0,463.0,48g23pyj,galapagos,Japan,N64,Yes
77,yorge9dy,77,https://www.speedrun.com/sm64/run/yorge9dy,2022-03-20T11:33:15Z,463.0,463.0,xkm3lk7j,NoNag,Germany,EMU,Yes
78,mel7q93z,79,https://www.speedrun.com/sm64/run/mel7q93z,2023-06-13T10:45:58Z,464.0,464.0,j40y2pv8,Tansan,Japan,N64,Yes
79,yw6r0vnm,80,https://www.speedrun.com/sm64/run/yw6r0vnm,2022-09-20T16:57:41Z,465.0,465.0,qjomp63x,Frisson4,Québec,N64,Yes
80,y98nxl2z,80,https://www.speedrun.com/sm64/run/y98nxl2z,2023-06-04T19:22:20Z,465.0,465.0,j2636gox,smc_,Scotland,N64,Yes
81,zq0rrw8y,82,https://www.speedrun.com/sm64/run/zq0rrw8y,2021-12-18T16:38:25Z,466.0,466.0,8qrgozwj,Oxelput,Germany,N64,Yes
82,yl7d9grm,82,https://www.speedrun.com/sm64/run/yl7d9grm,2022-06-22T05:03:30Z,466.0,466.0,48geze7j,heeheex2,Canada,VC,Yes
83,y8xdl2dm,84,https://www.speedrun.com/sm64/run/y8xdl2dm,2022-08-26T15:39:01Z,468.0,468.0,1xy05zjr,turara32767,Japan,N64,Yes
84,m35l976y,85,https://www.speedrun.com/sm64/run/m35l976y,2020-06-18T22:50:52Z,469.0,469.0,1xyldrvj,anti,,N64,Yes
85,7z0pnw4y,86,https://www.speedrun.com/sm64/run/7z0pnw4y,2016-02-20T15:12:15Z,470.0,470.0,qjn3egwx,Babass_21,France,EMU,Yes
86,mr7ox67z,87,https://www.speedrun.com/sm64/run/mr7ox67z,2022-06-10T13:15:07Z,471.0,471.0,8rpv21dj,ZeusSM64,New Zealand,EMU,Yes
87,8yvnx4mo,88,https://www.speedrun.com/sm64/run/8yvnx4mo,,472.0,472.0,e8e6k12j,kumasyatyou,Japan,N64,No
88,nz11j7rz,89,https://www.speedrun.com/sm64/run/nz11j7rz,2015-02-11T11:31:53Z,473.0,473.0,zx7qg687,ParadoxKarl,Esperanto,N64,Yes
89,y4qkro2m,89,https://www.speedrun.com/sm64/run/y4qkro2m,2022-06-19T02:13:37Z,473.0,473.0,zx7gkrx7,alaris,United States,N64,No
90,meo33x9z,91,https://www.speedrun.com/sm64/run/meo33x9z,2020-06-07T22:19:14Z,474.0,474.0,qjo5lrl8,SaltAndGinger,Jersey,N64,Yes
91,yolqe7jy,91,https://www.speedrun.com/sm64/run/yolqe7jy,2023-03-14T22:22:02Z,474.0,474.0,8r7wykdj,quarters,,N64,Yes
92,ywj6lj2z,93,https://www.speedrun.com/sm64/run/ywj6lj2z,2022-01-27T05:50:52Z,475.0,475.0,xk41ok7j,Cosmalano,,N64,Yes
93,znpn3rvm,93,https://www.speedrun.com/sm64/run/znpn3rvm,2022-07-22T19:13:51Z,475.0,475.0,jo2l6w78,PabloDiazViolin,Spain,N64,Yes
94,yvpnpjey,93,https://www.speedrun.com/sm64/run/yvpnpjey,2023-08-01T03:01:53Z,475.0,475.0,81qn9n5j,turtlehippo,Canada,N64,Yes
95,meelov9m,96,https://www.speedrun.com/sm64/run/meelov9m,2023-02-16T16:24:07Z,476.0,476.0,qjo0ge7j,millacks,Ireland,VC,Yes
96,y62xewpz,97,https://www.speedrun.com/sm64/run/y62xewpz,2023-07-03T18:32:12Z,477.0,477.0,8q3g5goj,TaylorSwiftSimp,United States,N64,Yes
97,y6l0l81y,98,https://www.speedrun.com/sm64/run/y6l0l81y,2019-09-29T06:00:54Z,478.0,478.0,5j5r396x,YUKING,Japan,N64,Yes
98,y60xgrqy,98,https://www.speedrun.com/sm64/run/y60xgrqy,2022-06-05T11:52:38Z,478.0,478.0,86vvqv0j,Dillarune,Indonesia,EMU,Yes
99,mrl1kq4m,98,https://www.speedrun.com/sm64/run/mrl1kq4m,2023-06-09T04:11:43Z,478.0,478.0,8rlr3pg8,siggyscorp,United States,N64,Yes
100,zx3ow55z,101,https://www.speedrun.com/sm64/run/zx3ow55z,2023-06-17T12:42:08Z,479.0,479.0,j9rd5koj,taquanrice,Japan,N64,Yes
101,mkqlj23m,102,https://www.speedrun.com/sm64/run/mkqlj23m,2023-09-11T12:03:38Z,480.0,480.0,j2wrvyoj,Tanishy,Japan,N64,Yes
102,z1pnxj9z,103,https://www.speedrun.com/sm64/run/z1pnxj9z,2022-06-27T12:36:08Z,481.0,481.0,8end5g78,SonicGordon6,United States,EMU,Yes
103,ywrxol3m,104,https://www.speedrun.com/sm64/run/ywrxol3m,2023-07-28T18:06:37Z,482.0,482.0,8lpl934j,PegiTheLoca,Germany,EMU,Yes
104,yddjw6wy,105,https://www.speedrun.com/sm64/run/yddjw6wy,2022-06-14T03:46:42Z,486.0,486.0,8rprrndj,N8rBeans,United States,N64,Yes
105,m70011ey,106,https://www.speedrun.com/sm64/run/m70011ey,2023-07-10T03:11:15Z,487.0,487.0,zxz67wn8,AJLane,United States,N64,Yes
106,emkx42vz,107,https://www.speedrun.com/sm64/run/emkx42vz,2017-01-09T02:26:07Z,488.0,488.0,5j52e9qj,GUTOA,Japan,N64,Yes
107,m3n30k4y,108,https://www.speedrun.com/sm64/run/m3n30k4y,2021-02-18T16:20:08Z,489.0,489.0,kjp07yy8,SilverCross,United States,N64,Yes
108,y4q03xkm,109,https://www.speedrun.com/sm64/run/y4q03xkm,2022-07-09T19:57:04Z,490.0,490.0,7j4q7emx,eleesuh,Germany,N64,Yes
109,meld000z,109,https://www.speedrun.com/sm64/run/meld000z,2023-08-17T10:16:49Z,490.0,490.0,e8ewrz78,ariapath,Australia,EMU,Yes
110,yjxv8ldz,111,https://www.speedrun.com/sm64/run/yjxv8ldz,2022-03-19T00:50:09Z,491.0,491.0,zxze4qex,caleb2112,United States,N64,Yes
111,2ywwxpy4,112,https://www.speedrun.com/sm64/run/2ywwxpy4,,492.0,492.0,v81kkerj,aKaFuKu,Japan,N64,Yes
112,z57p2onm,112,https://www.speedrun.com/sm64/run/z57p2onm,2019-11-17T22:48:45Z,492.0,492.0,7j47lplj,dumpdome64,United States,EMU,Yes
113,m7021qey,112,https://www.speedrun.com/sm64/run/m7021qey,2023-07-05T06:32:29Z,492.0,492.0,1xyqkgz8,Sanklo,Argentina,EMU,Yes
114,y6rdr5py,115,https://www.speedrun.com/sm64/run/y6rdr5py,2020-10-25T19:31:46Z,493.0,493.0,jmo4ewn8,Mathematix,United States,EMU,Yes
115,z0o2xloz,116,https://www.speedrun.com/sm64/run/z0o2xloz,2022-03-13T19:18:31Z,494.0,494.0,zx7gnyx7,Dwhatever,Germany,N64,Yes
116,yvredo4z,116,https://www.speedrun.com/sm64/run/yvredo4z,2022-07-17T20:14:00Z,494.0,494.0,y8dz54gj,maosfx,United States,N64,Yes
117,y88nlw1y,118,https://www.speedrun.com/sm64/run/y88nlw1y,2022-07-12T23:47:45Z,495.0,495.0,5j5gwr68,Speedrun,United States,EMU,Yes
118,zgq230vy,118,https://www.speedrun.com/sm64/run/zgq230vy,2022-09-14T10:00:43Z,495.0,495.0,8g547vyj,RealPrimeSub,United States,EMU,Yes
119,meeqdj9m,118,https://www.speedrun.com/sm64/run/meeqdj9m,2023-04-15T16:13:03Z,495.0,495.0,v8l04qv8,Smurfy,Canada,N64,Yes
120,y863xpnm,118,https://www.speedrun.com/sm64/run/y863xpnm,2023-04-26T16:12:34Z,495.0,495.0,86n94m0x,Joanbros,France,EMU,Yes
121,mrlvjg2m,118,https://www.speedrun.com/sm64/run/mrlvjg2m,2023-07-19T21:31:34Z,495.0,495.0,8v55qvej,Lucinovic,Netherlands,N64,Yes
122,z0e5w04m,123,https://www.speedrun.com/sm64/run/z0e5w04m,2017-06-20T05:33:28Z,496.0,496.0,e8e6edj0,GothicLogic,United Kingdom,N64,Yes
123,6yje93md,124,https://www.speedrun.com/sm64/run/6yje93md,,497.0,497.0,,,,N64,Yes
124,z0ov6eoz,124,https://www.speedrun.com/sm64/run/z0ov6eoz,2022-03-29T03:44:32Z,497.0,497.0,98rl4w38,HorrorDoesSpeedRuns,United States,N64,Yes
125,yvr8216z,126,https://www.speedrun.com/sm64/run/yvr8216z,2022-06-08T04:56:36Z,498.0,498.0,qxkovr28,zach,United States,N64,Yes
126,yvppe38y,126,https://www.speedrun.com/sm64/run/yvppe38y,2023-07-14T06:08:26Z,498.0,498.0,8v5nwrnj,Michaelguy,United States,EMU,Yes
127,y9vj7nrm,128,https://www.speedrun.com/sm64/run/y9vj7nrm,2022-06-22T02:28:38Z,499.0,499.0,98rv2rdj,Perna64,United States,N64,Yes
128,7ylpxkmp,129,https://www.speedrun.com/sm64/run/7ylpxkmp,,500.0,500.0,,,,N64,No
129,zpw2n3gy,129,https://www.speedrun.com/sm64/run/zpw2n3gy,2023-06-19T16:58:18Z,500.0,500.0,18q5www8,BigfootTouchedMe,Australia,EMU,Yes
130,ydd4o60y,131,https://www.speedrun.com/sm64/run/ydd4o60y,2022-07-08T15:02:30Z,501.0,501.0,xz9z40r8,zMatt_,Italy,N64,No
131,yvp92oey,132,https://www.speedrun.com/sm64/run/yvp92oey,2023-05-28T09:51:22Z,502.0,502.0,pj0rd9mj,reGemini,Australia,EMU,Yes
132,yvpon8xy,132,https://www.speedrun.com/sm64/run/yvpon8xy,2023-06-18T01:36:17Z,502.0,502.0,pj0mn69x,B1GEY3DPYTH0N,,N64,Yes
133,pzgjovz2,134,https://www.speedrun.com/sm64/run/pzgjovz2,,503.0,503.0,,,,N64,Yes
134,zpwk38xy,134,https://www.speedrun.com/sm64/run/zpwk38xy,2023-07-30T16:57:57Z,503.0,503.0,x7wzv1v8,ADRki11er,Brazil,EMU,Yes
135,zgqn38ey,136,https://www.speedrun.com/sm64/run/zgqn38ey,2022-08-01T04:20:58Z,504.0,504.0,v810d5rx,SubmarineCpt,United States,EMU,Yes
136,9meng9m7,137,https://www.speedrun.com/sm64/run/9meng9m7,,505.0,505.0,,,,N64,No
137,z05k0jom,138,https://www.speedrun.com/sm64/run/z05k0jom,2020-08-09T05:03:05Z,507.0,507.0,o86q79qx,YobunTeme,Japan,N64,Yes
138,mk0704xz,139,https://www.speedrun.com/sm64/run/mk0704xz,2023-06-05T04:49:53Z,508.0,508.0,x72zygq8,Avasion,United States,EMU,Yes
139,melelq2z,140,https://www.speedrun.com/sm64/run/melelq2z,2023-07-08T02:02:07Z,509.0,509.0,8gee0n2j,Doginator,United States,N64,Yes
140,y8929kwm,141,https://www.speedrun.com/sm64/run/y8929kwm,2018-07-23T19:52:44Z,511.0,511.0,pj0l653j,FailmanFlo,Germany,VC,Yes
141,yvq5p7xm,142,https://www.speedrun.com/sm64/run/yvq5p7xm,2022-03-07T21:17:19Z,512.0,512.0,18vdp928,FrostySeason,Sweden,N64,Yes
142,y62okl6z,143,https://www.speedrun.com/sm64/run/y62okl6z,2023-07-09T23:09:38Z,513.0,513.0,joo4ykej,Battaflai,Germany,EMU,Yes
143,znp350vm,144,https://www.speedrun.com/sm64/run/znp350vm,2022-05-06T18:53:50Z,514.0,514.0,18v7n5n8,Nyx64,,EMU,Yes
144,zqv68e9m,145,https://www.speedrun.com/sm64/run/zqv68e9m,2021-07-31T18:22:24Z,515.0,515.0,7j43q6w8,JayBeanz,United States,N64,Yes
145,mk4w3dvy,146,https://www.speedrun.com/sm64/run/mk4w3dvy,2018-02-20T21:46:22Z,516.0,516.0,kjp9p28q,Sigotu,Poland,EMU,Yes
146,y65kdn1z,146,https://www.speedrun.com/sm64/run/y65kdn1z,2020-08-31T05:20:59Z,516.0,516.0,qxkk329x,SSPssp,South Korea,EMU,Yes
147,z52eo05z,148,https://www.speedrun.com/sm64/run/z52eo05z,2022-06-07T02:13:44Z,517.0,517.0,8qz5qoq8,BizzareScape,Mexico,N64,Yes
148,nz1lov9m,149,https://www.speedrun.com/sm64/run/nz1lov9m,2016-06-07T09:37:48Z,518.0,518.0,18vkpkyj,KobrahCJ,United States,N64,Yes
149,zqj8nv9m,150,https://www.speedrun.com/sm64/run/zqj8nv9m,2023-07-23T19:19:13Z,519.0,519.0,jn9qe22x,Famin,United States,EMU,Yes
150,z1lw4g9m,151,https://www.speedrun.com/sm64/run/z1lw4g9m,2023-09-04T19:01:26Z,520.0,520.0,8r3064w8,JTown2909,United States,N64,Yes
151,zx3l97ez,152,https://www.speedrun.com/sm64/run/zx3l97ez,2023-06-19T17:33:29Z,521.0,521.0,863k2ww8,MeepJeep,Germany,N64,Yes
152,dy4wv2qm,153,https://www.speedrun.com/sm64/run/dy4wv2qm,2015-06-17T07:18:19Z,523.0,523.0,68wwn48g,Mitagi,Japan,N64,Yes
153,y9v662nm,154,https://www.speedrun.com/sm64/run/y9v662nm,2022-06-09T14:34:31Z,530.0,530.0,8l02n628,mojopug,Spain,EMU,Yes
154,y2pggk9z,154,https://www.speedrun.com/sm64/run/y2pggk9z,2022-06-15T03:53:48Z,530.0,530.0,xk4rk32j,Tankfird,United States,EMU,Yes
155,y9xdrwky,156,https://www.speedrun.com/sm64/run/y9xdrwky,2022-10-10T22:29:00Z,531.0,531.0,xyrwkqwj,Yudalol,Canada,N64,Yes
156,zpw1r9gy,156,https://www.speedrun.com/sm64/run/zpw1r9gy,2023-06-09T06:45:23Z,531.0,531.0,8r7412qj,Rynnoo,United States,N64,Yes
157,9yoqx7zx,158,https://www.speedrun.com/sm64/run/9yoqx7zx,,536.0,536.0,dx35r2jl,exe,Germany,N64,Yes
158,z0jrqe9y,158,https://www.speedrun.com/sm64/run/z0jrqe9y,2023-06-11T22:45:13Z,536.0,536.0,81q1oq5j,Ian_1243,Peru,N64,Yes
159,y9lk11ey,160,https://www.speedrun.com/sm64/run/y9lk11ey,2022-02-07T04:03:26Z,537.0,537.0,8qzwgr78,toilet64_,United States,N64,Yes
160,y4e3v6km,161,https://www.speedrun.com/sm64/run/y4e3v6km,2020-09-25T07:00:23Z,539.0,539.0,qjn6qqqx,bann_jpn,Japan,N64,Yes
161,m3r43jqm,162,https://www.speedrun.com/sm64/run/m3r43jqm,2021-07-11T20:15:14Z,540.0,540.0,jo3o7dej,456Productions,United States,EMU,Yes
162,yjddnp7y,162,https://www.speedrun.com/sm64/run/yjddnp7y,2022-09-14T00:28:43Z,540.0,540.0,pj0eny48,scoagogo,Northern Ireland,EMU,Yes
163,yo34jl0y,164,https://www.speedrun.com/sm64/run/yo34jl0y,2020-09-12T19:50:45Z,542.0,542.0,dx394zkx,max25,England,N64,Yes
164,8y8vg1wz,165,https://www.speedrun.com/sm64/run/8y8vg1wz,2015-09-09T12:14:31Z,543.0,543.0,zx7q2pv8,Beck,United States,N64,Yes
165,yvq5ro8m,166,https://www.speedrun.com/sm64/run/yvq5ro8m,2022-03-07T00:53:13Z,546.0,546.0,863719q8,BananilsonFarofa,Brazil,EMU,Yes
166,yj1x767y,167,https://www.speedrun.com/sm64/run/yj1x767y,2021-02-15T15:18:40Z,549.0,549.0,98rrd381,srb,Germany,N64,Yes
167,yw3p38nm,167,https://www.speedrun.com/sm64/run/yw3p38nm,2022-04-16T21:44:31Z,549.0,549.0,kj90merj,FinL,,N64,Yes
168,z52g2x5z,167,https://www.speedrun.com/sm64/run/z52g2x5z,2022-06-27T22:19:31Z,549.0,549.0,18qk2m78,DentoriousRed,United States,N64,Yes
169,y2pke6jz,170,https://www.speedrun.com/sm64/run/y2pke6jz,2022-06-19T21:43:53Z,550.0,550.0,8vkqwknj,GroundPoundGary,United States,EMU,Yes
170,wzpkx8yq,171,https://www.speedrun.com/sm64/run/wzpkx8yq,,551.0,551.0,,,,N64,Yes
171,pydvlwyn,172,https://www.speedrun.com/sm64/run/pydvlwyn,,553.0,553.0,,,,N64,No
172,zqjok78m,173,https://www.speedrun.com/sm64/run/zqjok78m,2023-08-19T20:57:46Z,555.0,555.0,8d3mywlx,ross3102,United States,EMU,Yes
173,yvgnkroy,174,https://www.speedrun.com/sm64/run/yvgnkroy,2018-02-17T11:33:42Z,558.0,558.0,,,,N64,No
174,yvrv04ez,175,https://www.speedrun.com/sm64/run/yvrv04ez,2022-06-19T19:14:55Z,559.0,559.0,xkmp5p7j,Puxel64,Germany,EMU,Yes
175,zq78k3rm,175,https://www.speedrun.com/sm64/run/zq78k3rm,2022-06-21T22:44:04Z,559.0,559.0,8g5772rj,Semaa,Bosnia and Herzegovina,EMU,Yes
176,z1gj6j9z,175,https://www.speedrun.com/sm64/run/z1gj6j9z,2022-08-11T04:00:14Z,559.0,559.0,xko6o278,Seceon,Chile,N64,Yes
177,y80d3jdm,178,https://www.speedrun.com/sm64/run/y80d3jdm,2023-01-11T15:46:55Z,563.0,563.0,zx7dz1vx,AlejoWasHere,Spain,EMU,Yes
178,z0jrk44y,178,https://www.speedrun.com/sm64/run/z0jrk44y,2023-06-12T20:10:08Z,563.0,563.0,xz06gme8,RxCursed,Colombia,EMU,Yes
179,me97n82z,180,https://www.speedrun.com/sm64/run/me97n82z,2021-02-07T20:33:13Z,564.0,564.0,86v01k5j,camgibb,United States,EMU,Yes
180,mrlr9j7m,181,https://www.speedrun.com/sm64/run/mrlr9j7m,2023-07-01T06:09:26Z,565.0,565.0,j2w1w5lj,RONC3NA,United States,N64,Yes
181,me3ok5qz,182,https://www.speedrun.com/sm64/run/me3ok5qz,2022-04-26T13:23:20Z,566.0,566.0,qxkvqp2j,PKT_Distinct,France,N64,Yes
182,y2grn67z,182,https://www.speedrun.com/sm64/run/y2grn67z,2023-08-12T12:00:55Z,566.0,566.0,8107re5x,skiprandom736,Singapore,EMU,Yes
183,y868qpwm,184,https://www.speedrun.com/sm64/run/y868qpwm,2023-06-25T09:59:29Z,568.0,568.0,81kddqpj,dekitan,,N64,Yes
184,mk95pnlz,185,https://www.speedrun.com/sm64/run/mk95pnlz,2018-09-27T05:29:05Z,575.0,575.0,kjp9nvk8,fazerlazer80,United States,N64,Yes
185,mre9px2y,185,https://www.speedrun.com/sm64/run/mre9px2y,2019-07-31T08:44:11Z,575.0,575.0,e8e3m7j0,imglower,United States,N64,Yes
186,y887lj1y,185,https://www.speedrun.com/sm64/run/y887lj1y,2022-07-25T05:19:57Z,575.0,575.0,7j4o0lm8,BEACHBUM,,N64,Yes
187,zn1kp89m,188,https://www.speedrun.com/sm64/run/zn1kp89m,2021-04-28T12:19:24Z,576.0,576.0,j2yzn568,gamer_nl,Netherlands,EMU,Yes
188,yvpodr8y,189,https://www.speedrun.com/sm64/run/yvpodr8y,2023-06-19T05:00:24Z,585.0,585.0,jo35yn7j,Luisito,Mexico,VC,Yes
189,z0je66jy,190,https://www.speedrun.com/sm64/run/z0je66jy,2023-05-01T08:10:14Z,586.0,586.0,8geyv5pj,JakeMorris,United States,N64,Yes
190,yj21o73m,190,https://www.speedrun.com/sm64/run/yj21o73m,2023-06-05T22:46:26Z,586.0,586.0,j4q1vpwx,shadowbear,Canada,N64,Yes
191,z5pdrknm,192,https://www.speedrun.com/sm64/run/z5pdrknm,2023-06-15T18:26:51Z,594.0,594.0,8r2ngoqx,reallifebutters,United States,N64,Yes
192,m79wxn9y,193,https://www.speedrun.com/sm64/run/m79wxn9y,2017-10-03T13:04:02Z,606.0,606.0,dx35v6ej,MrMeanMoustache,Netherlands,N64,Yes
193,yl4v6pnm,194,https://www.speedrun.com/sm64/run/yl4v6pnm,2018-08-12T23:17:53Z,614.0,614.0,68wgmkvx,Busbyy,Northern Ireland,N64,Yes
194,y998x1ky,194,https://www.speedrun.com/sm64/run/y998x1ky,2021-06-10T00:57:53Z,614.0,614.0,8ge9k0rj,Captain_Kale_,United States,EMU,Yes
195,mrqv90dy,196,https://www.speedrun.com/sm64/run/mrqv90dy,2018-01-14T19:41:30Z,630.0,630.0,1xyo4enj,chlidlunk,France,VC,Yes
196,jy9pdvm4,197,https://www.speedrun.com/sm64/run/jy9pdvm4,,635.0,635.0,,,,N64,Yes
197,y21rj95z,198,https://www.speedrun.com/sm64/run/y21rj95z,2020-02-04T07:59:38Z,636.0,636.0,qj2l346x,TheSimplePotato,United States,EMU,Yes
198,dy4n7qml,199,https://www.speedrun.com/sm64/run/dy4n7qml,,640.0,640.0,,,,EMU,Yes
199,yvp2vw6y,200,https://www.speedrun.com/sm64/run/yvp2vw6y,2023-06-05T18:38:19Z,641.0,641.0,x3w377ej,AbUnderscored,Jordan,EMU,Yes
200,mk09783z,201,https://www.speedrun.com/sm64/run/mk09783z,2023-05-08T02:03:55Z,642.0,642.0,j52myw6j,mario104,China,EMU,Yes
201,yvqkno6m,202,https://www.speedrun.com/sm64/run/yvqkno6m,2022-03-20T05:26:14Z,648.0,648.0,jn3kg62x,GregoTheGreatest,United States,N64,Yes
202,yop36p7m,203,https://www.speedrun.com/sm64/run/yop36p7m,2022-05-03T18:35:36Z,655.0,655.0,xz79p1nj,tanepota,Japan,N64,Yes
203,mrk7x62y,204,https://www.speedrun.com/sm64/run/mrk7x62y,2020-06-09T19:29:34Z,657.0,657.0,v81eydrj,Minelover,United States,EMU,Yes
204,nz1vngze,205,https://www.speedrun.com/sm64/run/nz1vngze,,664.0,664.0,,,,N64,No
205,ywrjegnm,206,https://www.speedrun.com/sm64/run/ywrjegnm,2023-06-19T18:16:58Z,667.0,667.0,98rzr0gx,Shadow64,United Kingdom,N64,Yes
206,z51179em,207,https://www.speedrun.com/sm64/run/z51179em,2018-06-25T20:13:34Z,669.0,669.0,18vr2m5x,GameShark,Netherlands,N64,Yes
207,y6n47w6z,208,https://www.speedrun.com/sm64/run/y6n47w6z,2022-03-16T14:58:27Z,670.0,670.0,86nz1n0x,3DMan06,Germany,EMU,No
208,yvpxwd6y,208,https://www.speedrun.com/sm64/run/yvpxwd6y,2023-07-29T09:12:07Z,670.0,670.0,8w1rr94x,sanj,Canada,EMU,Yes
209,yw1w733z,210,https://www.speedrun.com/sm64/run/yw1w733z,2018-02-17T11:36:01Z,678.0,678.0,,,,N64,No
210,1zqpv9ml,211,https://www.speedrun.com/sm64/run/1zqpv9ml,,681.0,681.0,v8lo348m,Pokeblok,New Zealand,EMU,Yes
211,emko1vz6,212,https://www.speedrun.com/sm64/run/emko1vz6,,693.0,693.0,kjp6pz58,Gana64,Japan,N64,No
212,z12e2pjy,212,https://www.speedrun.com/sm64/run/z12e2pjy,2022-03-24T09:37:44Z,693.0,693.0,8r7zwndj,Ayushman4321,India,EMU,Yes
213,zq05dd1y,214,https://www.speedrun.com/sm64/run/zq05dd1y,2022-03-08T00:34:16Z,696.0,696.0,18q6w4wj,Waterbird165,United States,N64,Yes
214,zn7669vm,214,https://www.speedrun.com/sm64/run/zn7669vm,2022-03-15T03:47:56Z,696.0,696.0,j0vkm73x,druz,United States,EMU,Yes
215,yl6lo7ny,216,https://www.speedrun.com/sm64/run/yl6lo7ny,2023-07-16T10:44:33Z,704.0,704.0,j26ewg7x,Littlezombie,China,EMU,Yes
216,mr1lj5dz,217,https://www.speedrun.com/sm64/run/mr1lj5dz,2021-06-07T21:40:40Z,720.0,720.0,8l0g37v8,niko22,Colombia,EMU,Yes
217,6yj25p7m,218,https://www.speedrun.com/sm64/run/6yj25p7m,2016-06-11T15:51:30Z,722.0,722.0,qxk40p9j,Kiriplant,Australia,VC,Yes
218,mk0ollxz,219,https://www.speedrun.com/sm64/run/mk0ollxz,2023-07-29T09:50:38Z,734.0,734.0,81qrwmpj,Aslan61,Germany,N64,Yes
219,mk8nxr3m,220,https://www.speedrun.com/sm64/run/mk8nxr3m,2021-01-04T06:08:20Z,742.0,742.0,jmpl1doj,GnarlyBobMarley,United States,N64,No
220,z051n58m,221,https://www.speedrun.com/sm64/run/z051n58m,2020-04-19T16:31:41Z,747.0,747.0,qxkz2mmx,simesaba0708,Japan,N64,Yes
221,mrovw88m,222,https://www.speedrun.com/sm64/run/mrovw88m,2023-03-03T19:20:06Z,760.0,760.0,8w1de74x,aflyingcougar,United States,N64,Yes
222,9mr0x2mq,223,https://www.speedrun.com/sm64/run/9mr0x2mq,,778.0,778.0,,,,N64,Yes
223,m723dn9z,224,https://www.speedrun.com/sm64/run/m723dn9z,2023-02-22T11:48:21Z,787.0,787.0,x3349pqx,yuniruyuni,Japan,VC,Yes
224,mrl623gm,225,https://www.speedrun.com/sm64/run/mrl623gm,2023-06-23T01:46:56Z,796.0,796.0,86vm37pj,sevenyoshi,United States,N64,Yes
225,kz5pgkjm,226,https://www.speedrun.com/sm64/run/kz5pgkjm,2016-06-23T21:07:22Z,799.0,799.0,kj96o2nj,bluntslide42,United States,VC,Yes
226,z1lr7egm,227,https://www.speedrun.com/sm64/run/z1lr7egm,2023-06-12T20:14:55Z,814.0,814.0,8q316z7j,dista,United States,N64,Yes
227,1zxjxqyx,228,https://www.speedrun.com/sm64/run/1zxjxqyx,,817.0,817.0,,,,N64,No
228,y230r29m,229,https://www.speedrun.com/sm64/run/y230r29m,2017-10-09T22:46:21Z,825.0,825.0,7j4075l8,DFGBen,Germany,VC,Yes
229,mrl4wg7m,230,https://www.speedrun.com/sm64/run/mrl4wg7m,2023-06-07T06:41:56Z,830.0,830.0,xy5g6zv8,Nation_LIVE,United States,N64,Yes
230,zgedl2ny,231,https://www.speedrun.com/sm64/run/zgedl2ny,2023-06-23T04:28:12Z,857.0,857.0,j20qnrlx,MrFroggy,United States,EMU,Yes
231,z0pjv4ey,232,https://www.speedrun.com/sm64/run/z0pjv4ey,2022-06-17T13:01:12Z,877.0,877.0,8en063p8,Prismatic_Fast,United States,EMU,Yes
232,yjx7ngnz,233,https://www.speedrun.com/sm64/run/yjx7ngnz,2022-03-10T04:47:08Z,891.0,891.0,jp4y0g2j,ooferboi_69,United States,N64,Yes
233,zx39x7ez,234,https://www.speedrun.com/sm64/run/zx39x7ez,2023-04-28T00:45:13Z,897.0,897.0,x3qm31kj,eightofhearts,North Macedonia,N64,Yes
234,z0ok0oez,235,https://www.speedrun.com/sm64/run/z0ok0oez,2022-03-08T23:20:42Z,918.0,918.0,8gee7n7j,LxqZach,Germany,N64,Yes
235,kz5lggyr,236,https://www.speedrun.com/sm64/run/kz5lggyr,,1041.0,1041.0,,,,N64,No
236,zx31l6ez,237,https://www.speedrun.com/sm64/run/zx31l6ez,2023-08-27T16:56:09Z,1274.0,1274.0,81m4wnq8,LameOH,United States,EMU,Yes
237,y9861nkz,238,https://www.speedrun.com/sm64/run/y9861nkz,2023-07-06T07:40:28Z,1313.0,1313.0,jp4q645j,GoodGrieth,,N64,Yes
238,zq79dprm,239,https://www.speedrun.com/sm64/run/zq79dprm,2022-06-04T22:53:04Z,1388.0,1388.0,0jmw6wex,Bombs,United States,N64,Yes
239,0y6n316z,240,https://www.speedrun.com/sm64/run/0y6n316z,2016-01-03T07:24:11Z,1474.0,1474.0,zxz97kn8,Drogie,Switzerland,N64,Yes
240,y48vvxdm,241,https://www.speedrun.com/sm64/run/y48vvxdm,2022-03-15T02:33:02Z,1481.0,1481.0,8qrldp7j,Amahumahaba,United States,N64,Yes
241,mk0k4w3z,242,https://www.speedrun.com/sm64/run/mk0k4w3z,2023-06-25T10:17:59Z,1501.0,1501.0,8dw231lj,mdsnoopy,Chile,N64,Yes
242,y8jn8gnz,243,https://www.speedrun.com/sm64/run/y8jn8gnz,2022-03-07T03:05:31Z,1508.0,1508.0,j03z503j,Taki,Canada,N64,Yes
243,yw4jx19z,244,https://www.speedrun.com/sm64/run/yw4jx19z,2019-09-21T02:59:53Z,1576.0,1576.0,qj2rw3ox,iZePlayz,Germany,EMU,Yes
244,zxl5e7qz,245,https://www.speedrun.com/sm64/run/zxl5e7qz,2022-03-10T05:53:48Z,2368.0,2368.0,j92zg478,Bailey_sm64,United States,N64,Yes
245,mk0gn81z,246,https://www.speedrun.com/sm64/run/mk0gn81z,2023-06-13T02:58:50Z,2600.0,2600.0,7j4975w8,mashSRL,,N64,Yes
246,y4gp7w3y,247,https://www.speedrun.com/sm64/run/y4gp7w3y,2023-04-18T17:01:46Z,2706.0,2706.0,qxk59y7x,KingToad64,France,EMU,No
247,me3elj9z,248,https://www.speedrun.com/sm64/run/me3elj9z,2022-06-09T20:50:07Z,2863.0,2863.0,j5vgmmg8,Hendyman,Germany,EMU,Yes
248,y9lwvwny,249,https://www.speedrun.com/sm64/run/y9lwvwny,2022-03-07T03:08:25Z,2969.0,2969.0,1xyky4n8,thags15,United States,N64,Yes
249,y60x381y,250,https://www.speedrun.com/sm64/run/y60x381y,2022-06-02T04:20:23Z,3877.0,3877.0,kjpoery8,Falcon,Canada,N64,Yes
250,ydgxv7qy,251,https://www.speedrun.com/sm64/run/ydgxv7qy,2023-04-08T14:45:58Z,4368.0,4368.0,zxzpmmnj,MiT_Epona,South Korea,N64,Yes
251,z11970jz,252,https://www.speedrun.com/sm64/run/z11970jz,2019-01-19T00:37:39Z,4469.0,4469.0,zxznzp0x,SmallAnt,Canada,N64,Yes
252,m722564z,253,https://www.speedrun.com/sm64/run/m722564z,2023-02-10T20:21:34Z,5265.0,5265.0,j0n10kw8,jaquarium,United States,N64,Yes
253,m362v0dm,254,https://www.speedrun.com/sm64/run/m362v0dm,2022-03-09T00:49:43Z,6545.0,6545.0,1xy1oozx,ringo792,United States,N64,Yes
254,m33lv24m,255,https://www.speedrun.com/sm64/run/m33lv24m,2022-06-11T00:58:41Z,8827.0,8827.0,j4rlpz58,Gloupi,Switzerland,VC,Yes
